<Robot>
  <INFO NAME="igus 5DOF BV" SERIAL="" AUTHOR="Christian Meyer" />
  <!--BusConfiguration CycleTimeMS="50" GapMS="5" Type="RS232" ComPort="COM25" BaudRate="460800"-->
	<BusConfiguration Protocol="CPRCANV2" CycleTimeMS="50" GapMS="2" Type="PCANUSB">
    <Joints NrOfJoints="5" />
    <!-- Attention: In this case 32 (means 0x20) is the sender message id, 17 (0x21) is the anser message id.-->
    <Joint0 ID="16" Min="-1000.0" Max="1000.0" CurrentScale="50.0" CurrentZero="0.0" GearScale="266.67" GearZero="000" GearPlay="0.0" GearPlayInc="0.5"/>
	<Joint1 ID="32" Min="-1000.0" Max="1000.0" CurrentScale="50.0" CurrentZero="0.0" GearScale="266.67" GearZero="000" GearPlay="0.0" GearPlayInc="0.5"/>
	<Joint2 ID="48" Min="-1000.0" Max="1000.0" CurrentScale="50.0" CurrentZero="0.0" GearScale="-277.78" GearZero="000" GearPlay="0.0" GearPlayInc="0.5"/>
	<Joint3 ID="64" Min="-1000.0" Max="1000.0" CurrentScale="50.0" CurrentZero="0.0" GearScale="-211.11" GearZero="000" GearPlay="0.0" GearPlayInc="0.5"/>
	<Joint4 ID="80" Min="-1000.0" Max="1000.0" CurrentScale="50.0" CurrentZero="0.0" GearScale="-155.56" GearZero="000" GearPlay="0.0" GearPlayInc="0.5"/>
	<!-- Definition of digital IO channels. Depending on the version there are 3 or 4 digital out in the base, Dout 10 and 11 control the gripper. 
	     There are also 3 or 4 digital Inputs in the base.
		 Using these parameters it can be controlled to which virtual DIO they are mapped.
		 Module defines the joint controller, port the physical dio port on the controller board. -->
  <DOut Number="0" Module="5" Port="0" Name="DOut"/>
    <DOut Number="1" Module="5" Port="1" Name="DOut"/>
    <DOut Number="2" Module="5" Port="2" Name="DOut"/>
    <DOut Number="3" Module="5" Port="3" Name="DOut"/>
    <DOut Number="4" Module="1" Port="0" Name="DOut"/>
    <DOut Number="5" Module="1" Port="0" Name="DOut"/>
    <DOut Number="6" Module="1" Port="0" Name="DOut"/>
    <DOut Number="7" Module="1" Port="0" Name="DOut"/>
    <DOut Number="8" Module="1" Port="0" Name="DOut"/>
    <DOut Number="9" Module="1" Port="0" Name="DOut"/>
    <DOut Number="10" Module="1" Port="0" Name="Gripper Open"/>
    <DOut Number="11" Module="1" Port="1" Name="Gripper Enable"/>
    <DIn Number="0" Module="5" Port="0" Name="DIn"/>
    <DIn Number="1" Module="5" Port="1" Name="DIn"/>
    <DIn Number="2" Module="5" Port="2" Name="DIn"/>
    <DIn Number="3" Module="5" Port="3" Name="DIn"/>
  </BusConfiguration>
    <RemoteConfiguration Protocol="CRI_V01" IP="192.168.3.11"/>
  
  <Kinematic Type="CPRMover5" lz0="128.5" lz1="145.25" lz2="350" lz3="270" lz4="179" lz5="4.5" />
  <ManufacturerJointConfig zOffset="0.0" A1Dir="1.0" A1Offset="0.0"  A2Dir="1.0" A2Offset="0.0"  A3Dir="1.0" A3Offset="90.0"  A4Dir="1.0" A4Offset="0.0"  A5Dir="1.0" A5Offset="0.0"  A6Dir="1.0" A6Offset="0.0" />
  <SoftwareMinMax A1Min="-175.0" A1Max="175.0" A2Min="-45.0" A2Max="70.0" A3Min="-90.0" A3Max="60.0" A4Min="-10.0" A4Max="120.0" A5Min="-170.0" A5Max="170.0" />
  <JointVelocities A1="45.0" A2="45.0" A3="50.0" A4="60.0" A5="60.0" A6="0.0" />
  <JointAcceleration A1="90.0" A2="90.0" A3="90.0" A4="90.0" A5="90.0" A6="0.0" />
  <Referencing Mandatory="true" />

   <!--Definition of epsilon values for the singularities. Wrist in degree, Center/Ellbow in mm-->
  <SINGULARITIES Center="30.0" Ellbow="30.0"/>
  <Velocities JogCart="200.0" JogOri="45.0" JogJoint="1.0" />
  <Graphics detailed="true" CSSize="100.0"/>
  <Trail active="true" PointSize="2.0" PointDist="4.0" ColorR="1.0" ColorG="0.4" ColorB="0.0" />
</Robot>
